{
  "model_type": "LogisticRegression",
  "vectorizer_type": "TfidfVectorizer",
  "label_map": {
    "0": "negative",
    "1": "positive",
    "2": "neutral"
  },
  "metrics": {
    "accuracy": 0.817865625,
    "f1_weighted": 0.8178412060711109,
    "precision_weighted": 0.8180361597779756,
    "recall_weighted": 0.817865625,
    "classification_report": {
      "negative": {
        "precision": 0.8254006846028343,
        "recall": 0.8062875,
        "f1-score": 0.8157321487851531,
        "support": 160000.0
      },
      "positive": {
        "precision": 0.8106716349531169,
        "recall": 0.82944375,
        "f1-score": 0.8199502633570689,
        "support": 160000.0
      },
      "accuracy": 0.817865625,
      "macro avg": {
        "precision": 0.8180361597779756,
        "recall": 0.817865625,
        "f1-score": 0.817841206071111,
        "support": 320000.0
      },
      "weighted avg": {
        "precision": 0.8180361597779756,
        "recall": 0.817865625,
        "f1-score": 0.8178412060711109,
        "support": 320000.0
      }
    },
    "confusion_matrix": [
      [
        129006,
        30994
      ],
      [
        27289,
        132711
      ]
    ],
    "training_time_seconds": 3.1,
    "train_samples": 1280000,
    "test_samples": 320000
  },
  "trained_at": "2026-02-11T13:46:14.165758",
  "sklearn_version": "1.8.0"
}